route_id,service_id,trip_id,trip_headsign,direction_id,block_id,shape_id
1,1,1,"30TH ST. PHL.",0,"4652",1
1,2,2,"30TH ST. PHL.",0,"4662",2
1,2,3,"30TH ST. PHL.",0,"4664",3
1,2,4,"30TH ST. PHL.",0,"4668",4
1,2,5,"30TH ST. PHL.",0,"4670",5
1,2,6,"30TH ST. PHL.",0,"4674",6
1,2,7,"30TH ST. PHL.",0,"4678",7
1,2,8,"30TH ST. PHL.",0,"4680",8
1,2,9,"30TH ST. PHL.",0,"4682",9
1,2,10,"30TH ST. PHL.",0,"4684",10
1,2,11,"30TH ST. PHL.",0,"4688",11
1,2,12,"30TH ST. PHL.",0,"4692",12
1,3,13,"30TH ST. PHL.",0,"4600",13
1,4,14,"30TH ST. PHL.",0,"4608",14
1,4,15,"30TH ST. PHL.",0,"4612",15
1,4,16,"30TH ST. PHL.",0,"4616",16
1,4,17,"30TH ST. PHL.",0,"4620",17
1,4,18,"30TH ST. PHL.",0,"4624",18
1,4,19,"30TH ST. PHL.",0,"4628",19
1,4,20,"30TH ST. PHL.",0,"4630",20
1,4,21,"30TH ST. PHL.",0,"4632",21
1,4,22,"30TH ST. PHL.",0,"4634",22
1,4,23,"30TH ST. PHL.",0,"4638",23
1,4,24,"30TH ST. PHL.",0,"4642",24
1,4,25,"ATLANTIC CITY",1,"4651",25
1,2,26,"ATLANTIC CITY",1,"4661",26
1,2,27,"ATLANTIC CITY",1,"4669",27
1,2,28,"ATLANTIC CITY",1,"4671",28
1,2,29,"ATLANTIC CITY",1,"4673",29
1,2,30,"ATLANTIC CITY",1,"4677",30
1,2,31,"ATLANTIC CITY",1,"4679",31
1,2,32,"ATLANTIC CITY",1,"4683",32
1,2,33,"ATLANTIC CITY",1,"4685",33
1,2,34,"ATLANTIC CITY",1,"4687",34
1,2,35,"ATLANTIC CITY",1,"4689",35
1,2,36,"ATLANTIC CITY",1,"4693",36
1,2,37,"ATLANTIC CITY",1,"4697",37
1,4,38,"ATLANTIC CITY",1,"4611",38
1,4,39,"ATLANTIC CITY",1,"4613",39
1,4,40,"ATLANTIC CITY",1,"4617",40
1,4,41,"ATLANTIC CITY",1,"4623",41
1,4,42,"ATLANTIC CITY",1,"4627",42
1,4,43,"ATLANTIC CITY",1,"4631",43
1,4,44,"ATLANTIC CITY",1,"4633",44
1,4,45,"ATLANTIC CITY",1,"4635",45
1,4,46,"ATLANTIC CITY",1,"4639",46
1,4,47,"ATLANTIC CITY",1,"4641",47
1,4,48,"ATLANTIC CITY",1,"4643",48
2,5,49,"HOBOKEN",0,"1090",49
2,5,50,"HOBOKEN",0,"1092",50
2,5,51,"HOBOKEN",0,"1094",51
2,4,52,"HOBOKEN",0,"1002",52
2,4,53,"HOBOKEN",0,"1000",53
2,4,54,"HOBOKEN",0,"1070",54
2,4,55,"HOBOKEN",0,"1006",55
2,4,56,"HOBOKEN",0,"1074",56
2,5,57,"LAKE HOPATCONG",1,"1091",57
2,5,58,"LAKE HOPATCONG",1,"1093",58
2,5,59,"LAKE HOPATCONG",1,"1095",59
2,4,60,"DENVILLE",1,"1009",60
2,4,61,"MOUNT OLIVE",1,"1055",61
2,4,62,"DENVILLE",1,"1003",62
2,4,63,"LAKE HOPATCONG",1,"1011",63
2,4,64,"DOVER",1,"1001",64
2,4,65,"HACKETTSTOWN",1,"1079",65
2,4,66,"MOUNT OLIVE",1,"1061",66
2,4,67,"HACKETTSTOWN",1,"1085",67
2,4,68,"HACKETTSTOWN",1,"1087",68
3,5,69,"NEW YORK PENN STATION",0,"9200",69
3,5,70,"NEW YORK PENN STATION",0,"9202",70
3,5,71,"NEW YORK PENN STATION",0,"9204",71
3,6,72,"HOBOKEN",0,"0544",72
3,2,73,"HOBOKEN",0,"0530",73
3,2,74,"HOBOKEN",0,"0510",74
3,2,75,"HOBOKEN",0,"0514",75
3,2,76,"HOBOKEN",0,"0518",76
3,2,77,"HOBOKEN",0,"0522",77
3,2,78,"HOBOKEN",0,"0526",78
3,2,79,"HOBOKEN",0,"0534",79
3,2,80,"HOBOKEN",0,"0538",80
3,4,81,"HOBOKEN",0,"0262",81
3,4,82,"NEW YORK PENN STATION",0,"6210",82
3,4,83,"HOBOKEN",0,"0250",83
3,4,84,"NEW YORK PENN STATION",0,"6252",84
3,4,85,"NEW YORK PENN STATION",0,"6278",85
3,4,86,"NEW YORK PENN STATION",0,"6280",86
3,4,87,"HOBOKEN",0,"0204",87
3,4,88,"HOBOKEN",0,"0208",88
3,4,89,"HOBOKEN",0,"0212",89
3,4,90,"NEW YORK PENN STATION",0,"6204",90
3,4,91,"NEW YORK PENN STATION",0,"6206",91
3,4,92,"NEW YORK PENN STATION",0,"6214",92
3,4,93,"NEW YORK PENN STATION",0,"6202",93
3,4,94,"NEW YORK PENN STATION",0,"6216",94
3,4,95,"NEW YORK PENN STATION",0,"6226",95
3,4,96,"NEW YORK PENN STATION",0,"6230",96
3,4,97,"NEW YORK PENN STATION",0,"6234",97
3,4,98,"NEW YORK PENN STATION",0,"6238",98
3,4,99,"NEW YORK PENN STATION",0,"6242",99
3,4,100,"NEW YORK PENN STATION",0,"6248",100
3,4,101,"NEW YORK PENN STATION",0,"6258",101
3,4,102,"NEW YORK PENN STATION",0,"6264",102
3,4,103,"NEW YORK PENN STATION",0,"6274",103
3,4,104,"NEW YORK PENN STATION",0,"6222",104
3,4,105,"NEW YORK PENN STATION",0,"6270",105
3,4,106,"NEW YORK PENN STATION",0,"6200",106
3,4,107,"MSU",1,"6201",107
3,5,108,"MSU",1,"9225",108
3,5,109,"MSU",1,"9227",109
3,5,110,"MSU",1,"9229",110
3,6,111,"BAY STREET",1,"0509",111
3,2,112,"BAY STREET",1,"0513",112
3,2,113,"BAY STREET",1,"0515",113
3,2,114,"BAY STREET",1,"0519",114
3,2,115,"BAY STREET",1,"0523",115
3,2,116,"BAY STREET",1,"0527",116
3,2,117,"BAY STREET",1,"0531",117
3,2,118,"BAY STREET",1,"0535",118
3,2,119,"BAY STREET",1,"0539",119
3,2,120,"BAY STREET",1,"0545",120
3,4,121,"MSU",1,"0211",121
3,4,122,"MSU",1,"6263",122
3,4,123,"MSU",1,"6213",123
3,4,124,"MSU",1,"0267",124
3,4,125,"MSU",1,"0275",125
3,4,126,"MSU",1,"6273",126
3,4,127,"MSU",1,"6279",127
3,4,128,"MSU",1,"6227",128
3,4,129,"MSU",1,"6233",129
3,4,130,"MSU",1,"6219",130
3,4,131,"MSU",1,"6237",131
3,4,132,"MSU",1,"6241",132
3,4,133,"MSU",1,"6245",133
3,4,134,"MSU",1,"6251",134
3,4,135,"MSU",1,"6253",135
3,4,136,"MSU",1,"6283",136
3,4,137,"MSU",1,"6291",137
3,4,138,"MSU",1,"6293",138
3,4,139,"MSU",1,"6295",139
3,4,140,"MSU",1,"6297",140
3,4,141,"MSU",1,"6299",141
3,4,142,"MSU",1,"6231",142
3,4,143,"MSU",1,"6209",143
3,4,144,"MSU",1,"0209",144
3,4,145,"MSU",1,"6215",145
4,7,146,"HBLR TONNELLE",0,"342JC005",146
4,7,147,"HBLR TONNELLE",0,"342JC009",146
4,7,148,"HBLR TONNELLE",0,"342JC001",146
4,7,149,"HBLR TONNELLE",0,"342JC007",146
4,7,150,"HBLR TONNELLE",0,"342JC003",146
4,7,151,"HBLR TONNELLE",0,"342JC005",146
4,7,152,"HBLR TONNELLE",0,"342JC009",146
4,7,153,"HBLR TONNELLE",0,"342JC001",146
4,7,154,"HBLR TONNELLE",0,"342JC007",146
4,7,155,"HBLR TONNELLE",0,"342JC003",146
4,7,156,"HBLR TONNELLE",0,"342JC005",146
4,7,157,"HBLR TONNELLE",0,"342JC009",146
4,7,158,"HBLR TONNELLE",0,"342JC001",146
4,7,159,"HBLR TONNELLE",0,"342JC007",146
4,7,160,"HBLR TONNELLE",0,"342JC003",146
4,7,161,"HBLR TONNELLE",0,"342JC005",146
4,7,162,"HBLR TONNELLE",0,"342JC009",146
4,7,163,"HBLR TONNELLE",0,"342JC001",146
4,7,164,"HBLR TONNELLE",0,"342JC007",146
4,7,165,"HBLR TONNELLE",0,"342JC003",146
4,7,166,"HBLR TONNELLE",0,"342JC005",146
4,7,167,"HBLR TONNELLE",0,"342JC009",146
4,7,168,"HBLR TONNELLE",0,"342JC001",146
4,7,169,"HBLR TONNELLE",0,"342JC007",146
4,7,170,"HBLR TONNELLE",0,"342JC003",146
4,7,171,"HBLR TONNELLE",0,"342JC005",146
4,7,172,"HBLR TONNELLE",0,"342JC009",146
4,7,173,"HBLR TONNELLE",0,"342JC001",146
4,7,174,"HBLR TONNELLE",0,"342JC007",146
4,7,175,"HBLR TONNELLE",0,"342JC003",146
4,7,176,"HBLR TONNELLE",0,"342JC005",146
4,7,177,"HBLR TONNELLE",0,"342JC009",146
4,7,178,"HBLR TONNELLE",0,"342JC001",146
4,7,179,"HBLR TONNELLE",0,"342JC007",146
4,7,180,"HBLR TONNELLE",0,"342JC003",146
4,7,181,"HBLR TONNELLE",0,"342JC005",146
4,7,182,"HBLR TONNELLE",0,"342JC009",146
4,7,183,"HBLR TONNELLE",0,"342JC001",146
4,7,184,"HBLR TONNELLE",0,"342JC007",146
4,7,185,"HBLR TONNELLE",0,"342JC003",146
4,7,186,"HBLR TONNELLE",0,"342JC005",146
4,7,187,"HBLR TONNELLE",0,"342JC009",146
4,7,188,"HBLR TONNELLE",0,"342JC001",146
4,7,189,"HBLR TONNELLE",0,"342JC007",146
4,7,190,"HBLR TONNELLE",0,"342JC003",146
4,7,191,"HBLR TONNELLE",0,"342JC005",146
4,7,192,"HBLR TONNELLE",0,"342JC009",146
4,7,193,"HBLR TONNELLE",0,"342JC001",146
4,7,194,"HBLR TONNELLE",0,"342JC007",146
4,7,195,"HBLR TONNELLE",0,"342JC003",146
4,7,196,"HBLR TONNELLE",0,"342JC005",146
4,7,197,"HBLR TONNELLE",0,"342JC009",146
4,7,198,"HBLR TONNELLE",0,"342JC001",146
4,7,199,"HBLR TONNELLE",0,"342JC007",146
4,7,200,"HBLR TONNELLE",0,"342JC003",146
4,7,201,"HBLR TONNELLE",0,"342JC005",146
4,7,202,"HBLR TONNELLE",0,"342JC001",146
4,7,203,"HBLR TONNELLE",0,"342JC003",147
4,7,204,"HBLR HOBOKEN",0,"342JC002",148
4,7,205,"HBLR HOBOKEN",0,"342JC004",148
4,7,206,"HBLR HOBOKEN",0,"342JC008",148
4,7,207,"HBLR HOBOKEN",0,"342JC006",149
4,7,208,"HBLR HOBOKEN",0,"342JC002",149
4,7,209,"HBLR HOBOKEN",0,"342JC004",149
4,7,210,"HBLR HOBOKEN",0,"342JC008",149
4,7,211,"HBLR HOBOKEN",0,"342JC006",149
4,7,212,"HBLR HOBOKEN",0,"342JC002",149
4,7,213,"HBLR HOBOKEN",0,"342JC004",149
4,7,214,"HBLR HOBOKEN",0,"342JC008",149
4,7,215,"HBLR HOBOKEN",0,"342JC006",149
4,7,216,"HBLR HOBOKEN",0,"342JC002",149
4,7,217,"HBLR HOBOKEN",0,"342JC004",149
4,7,218,"HBLR HOBOKEN",0,"342JC008",149
4,7,219,"HBLR HOBOKEN",0,"342JC006",149
4,7,220,"HBLR HOBOKEN",0,"342JC002",149
4,7,221,"HBLR HOBOKEN",0,"342JC004",149
4,7,222,"HBLR HOBOKEN",0,"342JC008",149
4,7,223,"HBLR HOBOKEN",0,"342JC006",149
4,7,224,"HBLR HOBOKEN",0,"342JC002",149
4,7,225,"HBLR HOBOKEN",0,"342JC004",149
4,7,226,"HBLR HOBOKEN",0,"342JC008",149
4,7,227,"HBLR HOBOKEN",0,"342JC006",149
4,7,228,"HBLR HOBOKEN",0,"342JC002",149
4,7,229,"HBLR HOBOKEN",0,"342JC004",149
4,7,230,"HBLR HOBOKEN",0,"342JC008",149
4,7,231,"HBLR HOBOKEN",0,"342JC006",149
4,7,232,"HBLR HOBOKEN",0,"342JC002",149
4,7,233,"HBLR HOBOKEN",0,"342JC004",149
4,7,234,"HBLR HOBOKEN",0,"342JC008",149
4,7,235,"HBLR HOBOKEN",0,"342JC006",149
4,7,236,"HBLR HOBOKEN",0,"342JC002",149
4,7,237,"HBLR HOBOKEN",0,"342JC004",149
4,7,238,"HBLR HOBOKEN",0,"342JC008",149
4,7,239,"HBLR HOBOKEN",0,"342JC006",149
4,7,240,"HBLR HOBOKEN",0,"342JC002",149
4,7,241,"HBLR HOBOKEN",0,"342JC004",149
4,7,242,"HBLR HOBOKEN",0,"342JC008",149
4,7,243,"HBLR HOBOKEN",0,"342JC006",149
4,7,244,"HBLR HOBOKEN",0,"342JC002",149
4,7,245,"HBLR HOBOKEN",0,"342JC004",149
4,7,246,"HBLR HOBOKEN",0,"342JC008",149
4,7,247,"HBLR HOBOKEN",0,"342JC006",149
4,7,248,"HBLR HOBOKEN",0,"342JC002",149
4,7,249,"HBLR HOBOKEN",0,"342JC004",149
4,7,250,"HBLR HOBOKEN",0,"342JC008",149
4,7,251,"HBLR HOBOKEN",0,"342JC006",149
4,7,252,"HBLR HOBOKEN",0,"342JC002",149
4,7,253,"HBLR HOBOKEN",0,"342JC004",149
4,7,254,"HBLR HOBOKEN",0,"342JC008",149
4,7,255,"HBLR HOBOKEN",0,"342JC006",149
4,7,256,"HBLR HOBOKEN",0,"342JC002",149
4,7,257,"HBLR HOBOKEN",0,"342JC004",149
4,7,258,"HBLR HOBOKEN",0,"342JC008",149
4,7,259,"HBLR HOBOKEN",0,"342JC006",149
4,7,260,"HBLR HOBOKEN",0,"342JC002",149
4,7,261,"HBLR HOBOKEN",0,"342JC004",149
4,7,262,"HBLR HOBOKEN",0,"342JC006",149
4,7,263,"HBLR HOBOKEN",0,"342JC002",149
4,7,264,"HBLR WEST SIDE",1,"342JC001",150
4,7,265,"HBLR WEST SIDE",1,"342JC007",150
4,7,266,"HBLR WEST SIDE",1,"342JC003",150
4,7,267,"HBLR WEST SIDE",1,"342JC005",150
4,7,268,"HBLR WEST SIDE",1,"342JC009",150
4,7,269,"HBLR WEST SIDE",1,"342JC001",150
4,7,270,"HBLR WEST SIDE",1,"342JC007",150
4,7,271,"HBLR WEST SIDE",1,"342JC003",150
4,7,272,"HBLR WEST SIDE",1,"342JC005",150
4,7,273,"HBLR WEST SIDE",1,"342JC009",150
4,7,274,"HBLR WEST SIDE",1,"342JC001",150
4,7,275,"HBLR WEST SIDE",1,"342JC007",150
4,7,276,"HBLR WEST SIDE",1,"342JC003",150
4,7,277,"HBLR WEST SIDE",1,"342JC005",150
4,7,278,"HBLR WEST SIDE",1,"342JC009",150
4,7,279,"HBLR WEST SIDE",1,"342JC001",150
4,7,280,"HBLR WEST SIDE",1,"342JC007",150
4,7,281,"HBLR WEST SIDE",1,"342JC003",150
4,7,282,"HBLR WEST SIDE",1,"342JC005",150
4,7,283,"HBLR WEST SIDE",1,"342JC009",150
4,7,284,"HBLR WEST SIDE",1,"342JC001",150
4,7,285,"HBLR WEST SIDE",1,"342JC007",150
4,7,286,"HBLR WEST SIDE",1,"342JC003",150
4,7,287,"HBLR WEST SIDE",1,"342JC005",150
4,7,288,"HBLR WEST SIDE",1,"342JC009",150
4,7,289,"HBLR WEST SIDE",1,"342JC001",150
4,7,290,"HBLR WEST SIDE",1,"342JC007",150
4,7,291,"HBLR WEST SIDE",1,"342JC003",150
4,7,292,"HBLR WEST SIDE",1,"342JC005",150
4,7,293,"HBLR WEST SIDE",1,"342JC009",150
4,7,294,"HBLR WEST SIDE",1,"342JC001",150
4,7,295,"HBLR WEST SIDE",1,"342JC007",150
4,7,296,"HBLR WEST SIDE",1,"342JC003",150
4,7,297,"HBLR WEST SIDE",1,"342JC005",150
4,7,298,"HBLR WEST SIDE",1,"342JC009",150
4,7,299,"HBLR WEST SIDE",1,"342JC001",150
4,7,300,"HBLR WEST SIDE",1,"342JC007",150
4,7,301,"HBLR WEST SIDE",1,"342JC003",150
4,7,302,"HBLR WEST SIDE",1,"342JC005",150
4,7,303,"HBLR WEST SIDE",1,"342JC009",150
4,7,304,"HBLR WEST SIDE",1,"342JC001",150
4,7,305,"HBLR WEST SIDE",1,"342JC007",150
4,7,306,"HBLR WEST SIDE",1,"342JC003",150
4,7,307,"HBLR WEST SIDE",1,"342JC005",150
4,7,308,"HBLR WEST SIDE",1,"342JC009",150
4,7,309,"HBLR WEST SIDE",1,"342JC001",150
4,7,310,"HBLR WEST SIDE",1,"342JC007",150
4,7,311,"HBLR WEST SIDE",1,"342JC003",150
4,7,312,"HBLR WEST SIDE",1,"342JC005",150
4,7,313,"HBLR WEST SIDE",1,"342JC009",150
4,7,314,"HBLR WEST SIDE",1,"342JC001",150
4,7,315,"HBLR WEST SIDE",1,"342JC007",150
4,7,316,"HBLR WEST SIDE",1,"342JC003",150
4,7,317,"HBLR WEST SIDE",1,"342JC005",150
4,7,318,"HBLR WEST SIDE",1,"342JC009",150
4,7,319,"HBLR WEST SIDE",1,"342JC001",150
4,7,320,"HBLR WEST SIDE",1,"342JC007",150
4,7,321,"HBLR WEST SIDE",1,"342JC003",150
4,7,322,"HBLR WEST SIDE",1,"342JC005",150
4,7,323,"HBLR WEST SIDE",1,"342JC001",150
4,7,324,"HBLR BAYONNE 8TH ST",1,"342JC002",151
4,7,325,"HBLR BAYONNE 8TH ST",1,"342JC004",151
4,7,326,"HBLR BAYONNE 8TH ST",1,"342JC008",151
4,7,327,"HBLR BAYONNE 8TH ST",1,"342JC006",151
4,7,328,"HBLR BAYONNE 8TH ST",1,"342JC002",151
4,7,329,"HBLR BAYONNE 8TH ST",1,"342JC004",151
4,7,330,"HBLR BAYONNE 8TH ST",1,"342JC008",151
4,7,331,"HBLR BAYONNE 8TH ST",1,"342JC006",151
4,7,332,"HBLR BAYONNE 8TH ST",1,"342JC002",151
4,7,333,"HBLR BAYONNE 8TH ST",1,"342JC004",151
4,7,334,"HBLR BAYONNE 8TH ST",1,"342JC008",151
4,7,335,"HBLR BAYONNE 8TH ST",1,"342JC006",151
4,7,336,"HBLR BAYONNE 8TH ST",1,"342JC002",151
4,7,337,"HBLR BAYONNE 8TH ST",1,"342JC004",151
4,7,338,"HBLR BAYONNE 8TH ST",1,"342JC008",151
4,7,339,"HBLR BAYONNE 8TH ST",1,"342JC006",151
4,7,340,"HBLR BAYONNE 8TH ST",1,"342JC002",151
4,7,341,"HBLR BAYONNE 8TH ST",1,"342JC004",151
4,7,342,"HBLR BAYONNE 8TH ST",1,"342JC008",151
4,7,343,"HBLR BAYONNE 8TH ST",1,"342JC006",151
4,7,344,"HBLR BAYONNE 8TH ST",1,"342JC002",151
4,7,345,"HBLR BAYONNE 8TH ST",1,"342JC004",151
4,7,346,"HBLR BAYONNE 8TH ST",1,"342JC008",151
4,7,347,"HBLR BAYONNE 8TH ST",1,"342JC006",151
4,7,348,"HBLR BAYONNE 8TH ST",1,"342JC002",151
4,7,349,"HBLR BAYONNE 8TH ST",1,"342JC004",151
4,7,350,"HBLR BAYONNE 8TH ST",1,"342JC008",151
4,7,351,"HBLR BAYONNE 8TH ST",1,"342JC006",151
4,7,352,"HBLR BAYONNE 8TH ST",1,"342JC002",151
4,7,353,"HBLR BAYONNE 8TH ST",1,"342JC004",151
4,7,354,"HBLR BAYONNE 8TH ST",1,"342JC008",151
4,7,355,"HBLR BAYONNE 8TH ST",1,"342JC006",151
4,7,356,"HBLR BAYONNE 8TH ST",1,"342JC002",151
4,7,357,"HBLR BAYONNE 8TH ST",1,"342JC004",151
4,7,358,"HBLR BAYONNE 8TH ST",1,"342JC008",151
4,7,359,"HBLR BAYONNE 8TH ST",1,"342JC006",151
4,7,360,"HBLR BAYONNE 8TH ST",1,"342JC002",151
4,7,361,"HBLR BAYONNE 8TH ST",1,"342JC004",151
4,7,362,"HBLR BAYONNE 8TH ST",1,"342JC008",151
4,7,363,"HBLR BAYONNE 8TH ST",1,"342JC006",151
4,7,364,"HBLR BAYONNE 8TH ST",1,"342JC002",151
4,7,365,"HBLR BAYONNE 8TH ST",1,"342JC004",151
4,7,366,"HBLR BAYONNE 8TH ST",1,"342JC008",151
4,7,367,"HBLR BAYONNE 8TH ST",1,"342JC006",151
4,7,368,"HBLR BAYONNE 8TH ST",1,"342JC002",151
4,7,369,"HBLR BAYONNE 8TH ST",1,"342JC004",151
4,7,370,"HBLR BAYONNE 8TH ST",1,"342JC008",151
4,7,371,"HBLR BAYONNE 8TH ST",1,"342JC006",151
4,7,372,"HBLR BAYONNE 8TH ST",1,"342JC002",151
4,7,373,"HBLR BAYONNE 8TH ST",1,"342JC004",151
4,7,374,"HBLR BAYONNE 8TH ST",1,"342JC008",151
4,7,375,"HBLR BAYONNE 8TH ST",1,"342JC006",151
4,7,376,"HBLR BAYONNE 8TH ST",1,"342JC002",151
4,7,377,"HBLR BAYONNE 8TH ST",1,"342JC004",151
4,7,378,"HBLR BAYONNE 8TH ST",1,"342JC008",151
4,7,379,"HBLR BAYONNE 8TH ST",1,"342JC006",151
4,7,380,"HBLR BAYONNE 8TH ST",1,"342JC002",151
4,7,381,"HBLR BAYONNE 8TH ST",1,"342JC004",151
4,7,382,"HBLR BAYONNE 8TH ST",1,"342JC006",151
4,7,383,"HBLR BAYONNE 8TH ST",1,"342JC002",151
4,8,384,"HBLR TONNELLE",0,"342JC005",152
4,8,385,"HBLR TONNELLE",0,"342JC009",152
4,8,386,"HBLR TONNELLE",0,"342JC001",152
4,8,387,"HBLR TONNELLE",0,"342JC007",152
4,8,388,"HBLR TONNELLE",0,"342JC003",152
4,8,389,"HBLR TONNELLE",0,"342JC005",152
4,8,390,"HBLR TONNELLE",0,"342JC009",152
4,8,391,"HBLR TONNELLE",0,"342JC001",152
4,8,392,"HBLR TONNELLE",0,"342JC007",152
4,8,393,"HBLR TONNELLE",0,"342JC003",152
4,8,394,"HBLR TONNELLE",0,"342JC005",152
4,8,395,"HBLR TONNELLE",0,"342JC009",152
4,8,396,"HBLR TONNELLE",0,"342JC001",152
4,8,397,"HBLR TONNELLE",0,"342JC007",152
4,8,398,"HBLR TONNELLE",0,"342JC003",152
4,8,399,"HBLR TONNELLE",0,"342JC005",152
4,8,400,"HBLR TONNELLE",0,"342JC009",152
4,8,401,"HBLR TONNELLE",0,"342JC001",152
4,8,402,"HBLR TONNELLE",0,"342JC007",152
4,8,403,"HBLR TONNELLE",0,"342JC003",152
4,8,404,"HBLR TONNELLE",0,"342JC005",152
4,8,405,"HBLR TONNELLE",0,"342JC009",152
4,8,406,"HBLR TONNELLE",0,"342JC001",152
4,8,407,"HBLR TONNELLE",0,"342JC007",152
4,8,408,"HBLR TONNELLE",0,"342JC003",152
4,8,409,"HBLR TONNELLE",0,"342JC005",152
4,8,410,"HBLR TONNELLE",0,"342JC009",152
4,8,411,"HBLR TONNELLE",0,"342JC001",152
4,8,412,"HBLR TONNELLE",0,"342JC007",152
4,8,413,"HBLR TONNELLE",0,"342JC003",152
4,8,414,"HBLR TONNELLE",0,"342JC005",152
4,8,415,"HBLR TONNELLE",0,"342JC009",152
4,8,416,"HBLR TONNELLE",0,"342JC001",152
4,8,417,"HBLR TONNELLE",0,"342JC007",152
4,8,418,"HBLR TONNELLE",0,"342JC003",152
4,8,419,"HBLR TONNELLE",0,"342JC005",152
4,8,420,"HBLR TONNELLE",0,"342JC009",152
4,8,421,"HBLR TONNELLE",0,"342JC001",152
4,8,422,"HBLR TONNELLE",0,"342JC007",152
4,8,423,"HBLR TONNELLE",0,"342JC003",152
4,8,424,"HBLR TONNELLE",0,"342JC005",152
4,8,425,"HBLR TONNELLE",0,"342JC009",152
4,8,426,"HBLR TONNELLE",0,"342JC001",152
4,8,427,"HBLR TONNELLE",0,"342JC007",152
4,8,428,"HBLR TONNELLE",0,"342JC003",152
4,8,429,"HBLR TONNELLE",0,"342JC005",152
4,8,430,"HBLR TONNELLE",0,"342JC009",152
4,8,431,"HBLR TONNELLE",0,"342JC001",152
4,8,432,"HBLR TONNELLE",0,"342JC007",152
4,8,433,"HBLR TONNELLE",0,"342JC003",152
4,8,434,"HBLR TONNELLE",0,"342JC005",152
4,8,435,"HBLR TONNELLE",0,"342JC009",152
4,8,436,"HBLR TONNELLE",0,"342JC001",152
4,8,437,"HBLR TONNELLE",0,"342JC007",152
4,8,438,"HBLR TONNELLE",0,"342JC003",152
4,8,439,"HBLR TONNELLE",0,"342JC005",152
4,8,440,"HBLR TONNELLE",0,"342JC001",152
4,8,441,"HBLR TONNELLE",0,"342JC003",153
4,8,442,"HBLR HOBOKEN",0,"342JC002",154
4,8,443,"HBLR HOBOKEN",0,"342JC004",154
4,8,444,"HBLR HOBOKEN",0,"342JC008",154
4,8,445,"HBLR HOBOKEN",0,"342JC006",155
4,8,446,"HBLR HOBOKEN",0,"342JC002",155
4,8,447,"HBLR HOBOKEN",0,"342JC004",155
4,8,448,"HBLR HOBOKEN",0,"342JC008",155
4,8,449,"HBLR HOBOKEN",0,"342JC006",155
4,8,450,"HBLR HOBOKEN",0,"342JC002",155
4,8,451,"HBLR HOBOKEN",0,"342JC004",155
4,8,452,"HBLR HOBOKEN",0,"342JC008",155
4,8,453,"HBLR HOBOKEN",0,"342JC006",155
4,8,454,"HBLR HOBOKEN",0,"342JC002",155
4,8,455,"HBLR HOBOKEN",0,"342JC004",155
4,8,456,"HBLR HOBOKEN",0,"342JC008",155
4,8,457,"HBLR HOBOKEN",0,"342JC006",155
4,8,458,"HBLR HOBOKEN",0,"342JC002",155
4,8,459,"HBLR HOBOKEN",0,"342JC004",155
4,8,460,"HBLR HOBOKEN",0,"342JC008",155
4,8,461,"HBLR HOBOKEN",0,"342JC006",155
4,8,462,"HBLR HOBOKEN",0,"342JC002",155
4,8,463,"HBLR HOBOKEN",0,"342JC004",155
4,8,464,"HBLR HOBOKEN",0,"342JC008",155
4,8,465,"HBLR HOBOKEN",0,"342JC006",155
4,8,466,"HBLR HOBOKEN",0,"342JC002",155
4,8,467,"HBLR HOBOKEN",0,"342JC004",155
4,8,468,"HBLR HOBOKEN",0,"342JC008",155
4,8,469,"HBLR HOBOKEN",0,"342JC006",155
4,8,470,"HBLR HOBOKEN",0,"342JC002",155
4,8,471,"HBLR HOBOKEN",0,"342JC004",155
4,8,472,"HBLR HOBOKEN",0,"342JC008",155
4,8,473,"HBLR HOBOKEN",0,"342JC006",155
4,8,474,"HBLR HOBOKEN",0,"342JC002",155
4,8,475,"HBLR HOBOKEN",0,"342JC004",155
4,8,476,"HBLR HOBOKEN",0,"342JC008",155
4,8,477,"HBLR HOBOKEN",0,"342JC006",155
4,8,478,"HBLR HOBOKEN",0,"342JC002",155
4,8,479,"HBLR HOBOKEN",0,"342JC004",155
4,8,480,"HBLR HOBOKEN",0,"342JC008",155
4,8,481,"HBLR HOBOKEN",0,"342JC006",155
4,8,482,"HBLR HOBOKEN",0,"342JC002",155
4,8,483,"HBLR HOBOKEN",0,"342JC004",155
4,8,484,"HBLR HOBOKEN",0,"342JC008",155
4,8,485,"HBLR HOBOKEN",0,"342JC006",155
4,8,486,"HBLR HOBOKEN",0,"342JC002",155
4,8,487,"HBLR HOBOKEN",0,"342JC004",155
4,8,488,"HBLR HOBOKEN",0,"342JC008",155
4,8,489,"HBLR HOBOKEN",0,"342JC006",155
4,8,490,"HBLR HOBOKEN",0,"342JC002",155
4,8,491,"HBLR HOBOKEN",0,"342JC004",155
4,8,492,"HBLR HOBOKEN",0,"342JC008",155
4,8,493,"HBLR HOBOKEN",0,"342JC006",155
4,8,494,"HBLR HOBOKEN",0,"342JC002",155
4,8,495,"HBLR HOBOKEN",0,"342JC004",155
4,8,496,"HBLR HOBOKEN",0,"342JC008",155
4,8,497,"HBLR HOBOKEN",0,"342JC006",155
4,8,498,"HBLR HOBOKEN",0,"342JC002",155
4,8,499,"HBLR HOBOKEN",0,"342JC004",155
4,8,500,"HBLR HOBOKEN",0,"342JC006",155
4,8,501,"HBLR HOBOKEN",0,"342JC002",155
4,8,502,"HBLR WEST SIDE",1,"342JC001",156
4,8,503,"HBLR WEST SIDE",1,"342JC007",156
4,8,504,"HBLR WEST SIDE",1,"342JC003",156
4,8,505,"HBLR WEST SIDE",1,"342JC005",156
4,8,506,"HBLR WEST SIDE",1,"342JC009",156
4,8,507,"HBLR WEST SIDE",1,"342JC001",156
4,8,508,"HBLR WEST SIDE",1,"342JC007",156
4,8,509,"HBLR WEST SIDE",1,"342JC003",156
4,8,510,"HBLR WEST SIDE",1,"342JC005",156
4,8,511,"HBLR WEST SIDE",1,"342JC009",156
4,8,512,"HBLR WEST SIDE",1,"342JC001",156
4,8,513,"HBLR WEST SIDE",1,"342JC007",156
4,8,514,"HBLR WEST SIDE",1,"342JC003",156
4,8,515,"HBLR WEST SIDE",1,"342JC005",156
4,8,516,"HBLR WEST SIDE",1,"342JC009",156
4,8,517,"HBLR WEST SIDE",1,"342JC001",156
4,8,518,"HBLR WEST SIDE",1,"342JC007",156
4,8,519,"HBLR WEST SIDE",1,"342JC003",156
4,8,520,"HBLR WEST SIDE",1,"342JC005",156
4,8,521,"HBLR WEST SIDE",1,"342JC009",156
4,8,522,"HBLR WEST SIDE",1,"342JC001",156
4,8,523,"HBLR WEST SIDE",1,"342JC007",156
4,8,524,"HBLR WEST SIDE",1,"342JC003",156
4,8,525,"HBLR WEST SIDE",1,"342JC005",156
4,8,526,"HBLR WEST SIDE",1,"342JC009",156
4,8,527,"HBLR WEST SIDE",1,"342JC001",156
4,8,528,"HBLR WEST SIDE",1,"342JC007",156
4,8,529,"HBLR WEST SIDE",1,"342JC003",156
4,8,530,"HBLR WEST SIDE",1,"342JC005",156
4,8,531,"HBLR WEST SIDE",1,"342JC009",156
4,8,532,"HBLR WEST SIDE",1,"342JC001",156
4,8,533,"HBLR WEST SIDE",1,"342JC007",156
4,8,534,"HBLR WEST SIDE",1,"342JC003",156
4,8,535,"HBLR WEST SIDE",1,"342JC005",156
4,8,536,"HBLR WEST SIDE",1,"342JC009",156
4,8,537,"HBLR WEST SIDE",1,"342JC001",156
4,8,538,"HBLR WEST SIDE",1,"342JC007",156
4,8,539,"HBLR WEST SIDE",1,"342JC003",156
4,8,540,"HBLR WEST SIDE",1,"342JC005",156
4,8,541,"HBLR WEST SIDE",1,"342JC009",156
4,8,542,"HBLR WEST SIDE",1,"342JC001",156
4,8,543,"HBLR WEST SIDE",1,"342JC007",156
4,8,544,"HBLR WEST SIDE",1,"342JC003",156
4,8,545,"HBLR WEST SIDE",1,"342JC005",156
4,8,546,"HBLR WEST SIDE",1,"342JC009",156
4,8,547,"HBLR WEST SIDE",1,"342JC001",156
4,8,548,"HBLR WEST SIDE",1,"342JC007",156
4,8,549,"HBLR WEST SIDE",1,"342JC003",156
4,8,550,"HBLR WEST SIDE",1,"342JC005",156
4,8,551,"HBLR WEST SIDE",1,"342JC009",156
4,8,552,"HBLR WEST SIDE",1,"342JC001",156
4,8,553,"HBLR WEST SIDE",1,"342JC007",156
4,8,554,"HBLR WEST SIDE",1,"342JC003",156
4,8,555,"HBLR WEST SIDE",1,"342JC005",156
4,8,556,"HBLR WEST SIDE",1,"342JC009",156
4,8,557,"HBLR WEST SIDE",1,"342JC001",156
4,8,558,"HBLR WEST SIDE",1,"342JC007",156
4,8,559,"HBLR WEST SIDE",1,"342JC003",156
4,8,560,"HBLR WEST SIDE",1,"342JC005",156
4,8,561,"HBLR WEST SIDE",1,"342JC001",156
4,8,562,"HBLR BAYONNE 8TH ST",1,"342JC002",157
4,8,563,"HBLR BAYONNE 8TH ST",1,"342JC004",157
4,8,564,"HBLR BAYONNE 8TH ST",1,"342JC008",157
4,8,565,"HBLR BAYONNE 8TH ST",1,"342JC006",157
4,8,566,"HBLR BAYONNE 8TH ST",1,"342JC002",157
4,8,567,"HBLR BAYONNE 8TH ST",1,"342JC004",157
4,8,568,"HBLR BAYONNE 8TH ST",1,"342JC008",157
4,8,569,"HBLR BAYONNE 8TH ST",1,"342JC006",157
4,8,570,"HBLR BAYONNE 8TH ST",1,"342JC002",157
4,8,571,"HBLR BAYONNE 8TH ST",1,"342JC004",157
4,8,572,"HBLR BAYONNE 8TH ST",1,"342JC008",157
4,8,573,"HBLR BAYONNE 8TH ST",1,"342JC006",157
4,8,574,"HBLR BAYONNE 8TH ST",1,"342JC002",157
4,8,575,"HBLR BAYONNE 8TH ST",1,"342JC004",157
4,8,576,"HBLR BAYONNE 8TH ST",1,"342JC008",157
4,8,577,"HBLR BAYONNE 8TH ST",1,"342JC006",157
4,8,578,"HBLR BAYONNE 8TH ST",1,"342JC002",157
4,8,579,"HBLR BAYONNE 8TH ST",1,"342JC004",157
4,8,580,"HBLR BAYONNE 8TH ST",1,"342JC008",157
4,8,581,"HBLR BAYONNE 8TH ST",1,"342JC006",157
4,8,582,"HBLR BAYONNE 8TH ST",1,"342JC002",157
4,8,583,"HBLR BAYONNE 8TH ST",1,"342JC004",157
4,8,584,"HBLR BAYONNE 8TH ST",1,"342JC008",157
4,8,585,"HBLR BAYONNE 8TH ST",1,"342JC006",157
4,8,586,"HBLR BAYONNE 8TH ST",1,"342JC002",157
4,8,587,"HBLR BAYONNE 8TH ST",1,"342JC004",157
4,8,588,"HBLR BAYONNE 8TH ST",1,"342JC008",157
4,8,589,"HBLR BAYONNE 8TH ST",1,"342JC006",157
4,8,590,"HBLR BAYONNE 8TH ST",1,"342JC002",157
4,8,591,"HBLR BAYONNE 8TH ST",1,"342JC004",157
4,8,592,"HBLR BAYONNE 8TH ST",1,"342JC008",157
4,8,593,"HBLR BAYONNE 8TH ST",1,"342JC006",157
4,8,594,"HBLR BAYONNE 8TH ST",1,"342JC002",157
4,8,595,"HBLR BAYONNE 8TH ST",1,"342JC004",157
4,8,596,"HBLR BAYONNE 8TH ST",1,"342JC008",157
4,8,597,"HBLR BAYONNE 8TH ST",1,"342JC006",157
4,8,598,"HBLR BAYONNE 8TH ST",1,"342JC002",157
4,8,599,"HBLR BAYONNE 8TH ST",1,"342JC004",157
4,8,600,"HBLR BAYONNE 8TH ST",1,"342JC008",157
4,8,601,"HBLR BAYONNE 8TH ST",1,"342JC006",157
4,8,602,"HBLR BAYONNE 8TH ST",1,"342JC002",157
4,8,603,"HBLR BAYONNE 8TH ST",1,"342JC004",157
4,8,604,"HBLR BAYONNE 8TH ST",1,"342JC008",157
4,8,605,"HBLR BAYONNE 8TH ST",1,"342JC006",157
4,8,606,"HBLR BAYONNE 8TH ST",1,"342JC002",157
4,8,607,"HBLR BAYONNE 8TH ST",1,"342JC004",157
4,8,608,"HBLR BAYONNE 8TH ST",1,"342JC008",157
4,8,609,"HBLR BAYONNE 8TH ST",1,"342JC006",157
4,8,610,"HBLR BAYONNE 8TH ST",1,"342JC002",157
4,8,611,"HBLR BAYONNE 8TH ST",1,"342JC004",157
4,8,612,"HBLR BAYONNE 8TH ST",1,"342JC008",157
4,8,613,"HBLR BAYONNE 8TH ST",1,"342JC006",157
4,8,614,"HBLR BAYONNE 8TH ST",1,"342JC002",157
4,8,615,"HBLR BAYONNE 8TH ST",1,"342JC004",157
4,8,616,"HBLR BAYONNE 8TH ST",1,"342JC008",157
4,8,617,"HBLR BAYONNE 8TH ST",1,"342JC006",157
4,8,618,"HBLR BAYONNE 8TH ST",1,"342JC002",157
4,8,619,"HBLR BAYONNE 8TH ST",1,"342JC004",157
4,8,620,"HBLR BAYONNE 8TH ST",1,"342JC006",157
4,8,621,"HBLR BAYONNE 8TH ST",1,"342JC002",157
4,9,622,"HBLR TONNELLE",0,"342JC010",158
4,9,623,"HBLR TONNELLE",0,"342JC011",158
4,9,624,"HBLR TONNELLE",0,"342JC001",158
4,9,625,"HBLR TONNELLE",0,"342JC007",158
4,9,626,"HBLR TONNELLE",0,"342JC013",158
4,9,627,"HBLR TONNELLE",0,"342JC017",158
4,9,628,"HBLR TONNELLE",0,"342JC015",158
4,9,629,"HBLR TONNELLE",0,"342JC016",158
4,9,630,"HBLR TONNELLE",0,"342JC010",158
4,9,631,"HBLR TONNELLE",0,"342JC011",158
4,9,632,"HBLR TONNELLE",0,"342JC001",158
4,9,633,"HBLR TONNELLE",0,"342JC007",158
4,9,634,"HBLR TONNELLE",0,"342JC021",158
4,9,635,"HBLR TONNELLE",0,"342JC013",158
4,9,636,"HBLR TONNELLE",0,"342JC017",158
4,9,637,"HBLR TONNELLE",0,"342JC015",158
4,9,638,"HBLR TONNELLE",0,"342JC016",158
4,9,639,"HBLR TONNELLE",0,"342JC010",158
4,9,640,"HBLR TONNELLE",0,"342JC011",158
4,9,641,"HBLR TONNELLE",0,"342JC001",158
4,9,642,"HBLR TONNELLE",0,"342JC007",158
4,9,643,"HBLR TONNELLE",0,"342JC021",158
4,9,644,"HBLR TONNELLE",0,"342JC013",158
4,9,645,"HBLR TONNELLE",0,"342JC015",158
4,9,646,"HBLR TONNELLE",0,"342JC016",158
4,9,647,"HBLR TONNELLE",0,"342JC010",158
4,9,648,"HBLR TONNELLE",0,"342JC001",158
4,9,649,"HBLR TONNELLE",0,"342JC007",158
4,9,650,"HBLR TONNELLE",0,"342JC021",158
4,9,651,"HBLR TONNELLE",0,"342JC015",158
4,9,652,"HBLR TONNELLE",0,"342JC010",158
4,9,653,"HBLR TONNELLE",0,"342JC001",158
4,9,654,"HBLR TONNELLE",0,"342JC007",158
4,9,655,"HBLR TONNELLE",0,"342JC021",158
4,9,656,"HBLR TONNELLE",0,"342JC015",158
4,9,657,"HBLR TONNELLE",0,"342JC010",158
4,9,658,"HBLR TONNELLE",0,"342JC001",158
4,9,659,"HBLR TONNELLE",0,"342JC007",158
4,9,660,"HBLR TONNELLE",0,"342JC021",158
4,9,661,"HBLR TONNELLE",0,"342JC015",158
4,9,662,"HBLR TONNELLE",0,"342JC010",158
4,9,663,"HBLR TONNELLE",0,"342JC001",158
4,9,664,"HBLR TONNELLE",0,"342JC007",158
4,9,665,"HBLR TONNELLE",0,"342JC026",158
4,9,666,"HBLR TONNELLE",0,"342JC021",158
4,9,667,"HBLR TONNELLE",0,"342JC030",158
4,9,668,"HBLR TONNELLE",0,"342JC015",158
4,9,669,"HBLR TONNELLE",0,"342JC010",158
4,9,670,"HBLR TONNELLE",0,"342JC029",158
4,9,671,"HBLR TONNELLE",0,"342JC031",158
4,9,672,"HBLR TONNELLE",0,"342JC001",158
4,9,673,"HBLR TONNELLE",0,"342JC007",158
4,9,674,"HBLR TONNELLE",0,"342JC026",158
4,9,675,"HBLR TONNELLE",0,"342JC021",158
4,9,676,"HBLR TONNELLE",0,"342JC030",158
4,9,677,"HBLR TONNELLE",0,"342JC015",158
4,9,678,"HBLR TONNELLE",0,"342JC010",158
4,9,679,"HBLR TONNELLE",0,"342JC029",158
4,9,680,"HBLR TONNELLE",0,"342JC031",158
4,9,681,"HBLR TONNELLE",0,"342JC001",158
4,9,682,"HBLR TONNELLE",0,"342JC007",158
4,9,683,"HBLR TONNELLE",0,"342JC026",158
4,9,684,"HBLR TONNELLE",0,"342JC021",158
4,9,685,"HBLR TONNELLE",0,"342JC015",158
4,9,686,"HBLR TONNELLE",0,"342JC010",158
4,9,687,"HBLR TONNELLE",0,"342JC029",158
4,9,688,"HBLR TONNELLE",0,"342JC031",158
4,9,689,"HBLR TONNELLE",0,"342JC001",158
4,9,690,"HBLR TONNELLE",0,"342JC026",158
4,9,691,"HBLR TONNELLE",0,"342JC015",158
4,9,692,"HBLR TONNELLE",0,"342JC031",158
4,9,693,"HBLR TONNELLE",0,"342JC026",158
4,9,694,"HBLR TONNELLE",0,"342JC015",158
4,9,695,"HBLR TONNELLE",0,"342JC031",158
4,9,696,"HBLR TONNELLE",0,"342JC026",158
4,9,697,"HBLR TONNELLE",0,"342JC015",158
4,9,698,"HBLR TONNELLE",0,"342JC031",158
4,9,699,"HBLR TONNELLE",0,"342JC026",158
4,9,700,"HBLR TONNELLE",0,"342JC015",158
4,9,701,"HBLR HOBOKEN",0,"342JC014",159
4,9,702,"HBLR HOBOKEN",0,"342JC002",159
4,9,703,"HBLR HOBOKEN",0,"342JC019",159
4,9,704,"HBLR HOBOKEN",0,"342JC022",159
4,9,705,"HBLR HOBOKEN",0,"342JC004",159
4,9,706,"HBLR HOBOKEN",0,"342JC028",159
4,9,707,"HBLR HOBOKEN",0,"342JC033",159
4,9,708,"HBLR HOBOKEN",0,"342JC018",159
4,9,709,"HBLR HOBOKEN",0,"342JC032",159
4,9,710,"HBLR HOBOKEN",0,"342JC025",159
4,9,711,"HBLR HOBOKEN",0,"342JC032",159
4,9,712,"HBLR FLYER TO HOBOKEN",0,"342JC004",160
4,9,713,"HBLR FLYER TO HOBOKEN",0,"342JC002",160
4,9,714,"HBLR FLYER TO HOBOKEN",0,"342JC020",160
4,9,715,"HBLR FLYER TO HOBOKEN",0,"342JC008",160
4,9,716,"HBLR FLYER TO HOBOKEN",0,"342JC019",160
4,9,717,"HBLR FLYER TO HOBOKEN",0,"342JC022",160
4,9,718,"HBLR FLYER TO HOBOKEN",0,"342JC018",160
4,9,719,"HBLR FLYER TO HOBOKEN",0,"342JC020",160
4,9,720,"HBLR FLYER TO HOBOKEN",0,"342JC009",160
4,9,721,"HBLR FLYER TO HOBOKEN",0,"342JC004",160
4,9,722,"HBLR FLYER TO HOBOKEN",0,"342JC023",160
4,9,723,"HBLR FLYER TO HOBOKEN",0,"342JC025",160
4,9,724,"HBLR FLYER TO HOBOKEN",0,"342JC019",160
4,9,725,"HBLR FLYER TO HOBOKEN",0,"342JC028",160
4,9,726,"HBLR HOBOKEN",0,"342JC001",161
4,9,727,"HBLR HOBOKEN",0,"342JC002",161
4,9,728,"HBLR HOBOKEN",0,"342JC005",161
4,9,729,"HBLR HOBOKEN",0,"342JC008",161
4,9,730,"HBLR HOBOKEN",0,"342JC028",161
4,9,731,"HBLR HOBOKEN",0,"342JC032",161
4,9,732,"HBLR TONNELLE",0,"342JC003",162
4,9,733,"HBLR TONNELLE",0,"342JC006",162
4,9,734,"HBLR TONNELLE",0,"342JC012",162
4,9,735,"HBLR TONNELLE",0,"342JC003",162
4,9,736,"HBLR TONNELLE",0,"342JC006",162
4,9,737,"HBLR TONNELLE",0,"342JC012",162
4,9,738,"HBLR TONNELLE",0,"342JC003",162
4,9,739,"HBLR TONNELLE",0,"342JC006",162
4,9,740,"HBLR TONNELLE",0,"342JC012",162
4,9,741,"HBLR TONNELLE",0,"342JC003",162
4,9,742,"HBLR TONNELLE",0,"342JC006",162
4,9,743,"HBLR TONNELLE",0,"342JC012",162
4,9,744,"HBLR TONNELLE",0,"342JC003",162
4,9,745,"HBLR TONNELLE",0,"342JC006",162
4,9,746,"HBLR TONNELLE",0,"342JC012",162
4,9,747,"HBLR TONNELLE",0,"342JC003",162
4,9,748,"HBLR TONNELLE",0,"342JC006",162
4,9,749,"HBLR TONNELLE",0,"342JC012",162
4,9,750,"HBLR TONNELLE",0,"342JC003",162
4,9,751,"HBLR TONNELLE",0,"342JC006",162
4,9,752,"HBLR TONNELLE",0,"342JC012",162
4,9,753,"HBLR TONNELLE",0,"342JC003",162
4,9,754,"HBLR TONNELLE",0,"342JC006",162
4,9,755,"HBLR TONNELLE",0,"342JC003",162
4,9,756,"HBLR TONNELLE",0,"342JC006",162
4,9,757,"HBLR TONNELLE",0,"342JC003",162
4,9,758,"HBLR TONNELLE",0,"342JC006",162
4,9,759,"HBLR TONNELLE",0,"342JC003",162
4,9,760,"HBLR TONNELLE",0,"342JC006",162
4,9,761,"HBLR TONNELLE",0,"342JC003",162
4,9,762,"HBLR TONNELLE",0,"342JC006",162
4,9,763,"HBLR TONNELLE",0,"342JC003",162
4,9,764,"HBLR TONNELLE",0,"342JC006",162
4,9,765,"HBLR TONNELLE",0,"342JC003",162
4,9,766,"HBLR TONNELLE",0,"342JC006",162
4,9,767,"HBLR TONNELLE",0,"342JC003",162
4,9,768,"HBLR TONNELLE",0,"342JC006",162
4,9,769,"HBLR TONNELLE",0,"342JC024",162
4,9,770,"HBLR TONNELLE",0,"342JC003",162
4,9,771,"HBLR TONNELLE",0,"342JC006",162
4,9,772,"HBLR TONNELLE",0,"342JC024",162
4,9,773,"HBLR TONNELLE",0,"342JC003",162
4,9,774,"HBLR TONNELLE",0,"342JC006",162
4,9,775,"HBLR TONNELLE",0,"342JC024",162
4,9,776,"HBLR TONNELLE",0,"342JC003",162
4,9,777,"HBLR TONNELLE",0,"342JC006",162
4,9,778,"HBLR TONNELLE",0,"342JC024",162
4,9,779,"HBLR TONNELLE",0,"342JC003",162
4,9,780,"HBLR TONNELLE",0,"342JC006",162
4,9,781,"HBLR TONNELLE",0,"342JC024",162
4,9,782,"HBLR TONNELLE",0,"342JC003",162
4,9,783,"HBLR TONNELLE",0,"342JC006",162
4,9,784,"HBLR TONNELLE",0,"342JC024",162
4,9,785,"HBLR TONNELLE",0,"342JC003",162
4,9,786,"HBLR TONNELLE",0,"342JC006",162
4,9,787,"HBLR TONNELLE",0,"342JC003",162
4,9,788,"HBLR TONNELLE",0,"342JC006",162
4,9,789,"HBLR TONNELLE",0,"342JC003",162
4,9,790,"HBLR TONNELLE",0,"342JC006",162
4,9,791,"HBLR TONNELLE",0,"342JC003",162
4,9,792,"HBLR TONNELLE",0,"342JC006",162
4,9,793,"HBLR TONNELLE",0,"342JC003",162
4,9,794,"HBLR TONNELLE",0,"342JC006",162
4,9,795,"HBLR TONNELLE",0,"342JC003",162
4,9,796,"HBLR TONNELLE",0,"342JC006",162
4,9,797,"HBLR TONNELLE",0,"342JC003",162
4,9,798,"HBLR TONNELLE",0,"342JC006",162
4,9,799,"HBLR HOBOKEN",0,"342JC004",163
4,9,800,"HBLR HOBOKEN",0,"342JC009",163
4,9,801,"HBLR HOBOKEN",0,"342JC002",163
4,9,802,"HBLR HOBOKEN",0,"342JC014",163
4,9,803,"HBLR HOBOKEN",0,"342JC005",163
4,9,804,"HBLR HOBOKEN",0,"342JC008",163
4,9,805,"HBLR HOBOKEN",0,"342JC009",163
4,9,806,"HBLR HOBOKEN",0,"342JC018",163
4,9,807,"HBLR HOBOKEN",0,"342JC005",163
4,9,808,"HBLR HOBOKEN",0,"342JC004",163
4,9,809,"HBLR HOBOKEN",0,"342JC014",163
4,9,810,"HBLR HOBOKEN",0,"342JC005",163
4,9,811,"HBLR HOBOKEN",0,"342JC018",163
4,9,812,"HBLR HOBOKEN",0,"342JC002",163
4,9,813,"HBLR HOBOKEN",0,"342JC014",163
4,9,814,"HBLR HOBOKEN",0,"342JC005",163
4,9,815,"HBLR HOBOKEN",0,"342JC019",163
4,9,816,"HBLR HOBOKEN",0,"342JC018",163
4,9,817,"HBLR HOBOKEN",0,"342JC014",163
4,9,818,"HBLR HOBOKEN",0,"342JC005",163
4,9,819,"HBLR HOBOKEN",0,"342JC019",163
4,9,820,"HBLR HOBOKEN",0,"342JC018",163
4,9,821,"HBLR HOBOKEN",0,"342JC014",163
4,9,822,"HBLR HOBOKEN",0,"342JC005",163
4,9,823,"HBLR HOBOKEN",0,"342JC019",163
4,9,824,"HBLR HOBOKEN",0,"342JC018",163
4,9,825,"HBLR HOBOKEN",0,"342JC014",163
4,9,826,"HBLR HOBOKEN",0,"342JC005",163
4,9,827,"HBLR HOBOKEN",0,"342JC019",163
4,9,828,"HBLR HOBOKEN",0,"342JC018",163
4,9,829,"HBLR HOBOKEN",0,"342JC014",163
4,9,830,"HBLR HOBOKEN",0,"342JC023",163
4,9,831,"HBLR HOBOKEN",0,"342JC005",163
4,9,832,"HBLR HOBOKEN",0,"342JC019",163
4,9,833,"HBLR HOBOKEN",0,"342JC025",163
4,9,834,"HBLR HOBOKEN",0,"342JC018",163
4,9,835,"HBLR HOBOKEN",0,"342JC027",163
4,9,836,"HBLR HOBOKEN",0,"342JC014",163
4,9,837,"HBLR HOBOKEN",0,"342JC005",163
4,9,838,"HBLR HOBOKEN",0,"342JC019",163
4,9,839,"HBLR HOBOKEN",0,"342JC027",163
4,9,840,"HBLR HOBOKEN",0,"342JC014",163
4,9,841,"HBLR HOBOKEN",0,"342JC023",163
4,9,842,"HBLR HOBOKEN",0,"342JC005",163
4,9,843,"HBLR HOBOKEN",0,"342JC033",163
4,9,844,"HBLR HOBOKEN",0,"342JC018",163
4,9,845,"HBLR HOBOKEN",0,"342JC027",163
4,9,846,"HBLR HOBOKEN",0,"342JC023",163
4,9,847,"HBLR HOBOKEN",0,"342JC005",163
4,9,848,"HBLR HOBOKEN",0,"342JC019",163
4,9,849,"HBLR HOBOKEN",0,"342JC032",163
4,9,850,"HBLR HOBOKEN",0,"342JC025",163
4,9,851,"HBLR HOBOKEN",0,"342JC019",163
4,9,852,"HBLR HOBOKEN",0,"342JC032",163
4,9,853,"HBLR HOBOKEN",0,"342JC025",163
4,9,854,"HBLR HOBOKEN",0,"342JC019",163
4,9,855,"HBLR HOBOKEN",0,"342JC032",163
4,9,856,"HBLR HOBOKEN",0,"342JC025",163
4,9,857,"HBLR HOBOKEN",0,"342JC019",163
4,9,858,"HBLR HOBOKEN",0,"342JC032",163
4,9,859,"HBLR HOBOKEN",0,"342JC025",163
4,9,860,"HBLR HOBOKEN",0,"342JC019",163
4,9,861,"HBLR HOBOKEN",0,"342JC019",164
4,9,862,"HBLR HOBOKEN",0,"342JC009",164
4,9,863,"HBLR HOBOKEN",0,"342JC008",164
4,9,864,"HBLR HOBOKEN",0,"342JC028",164
4,9,865,"HBLR HOBOKEN",0,"342JC025",164
4,9,866,"HBLR WEST SIDE",1,"342JC007",165
4,9,867,"HBLR WEST SIDE",1,"342JC013",165
4,9,868,"HBLR WEST SIDE",1,"342JC015",165
4,9,869,"HBLR WEST SIDE",1,"342JC016",165
4,9,870,"HBLR WEST SIDE",1,"342JC010",165
4,9,871,"HBLR WEST SIDE",1,"342JC011",165
4,9,872,"HBLR WEST SIDE",1,"342JC001",165
4,9,873,"HBLR WEST SIDE",1,"342JC007",165
4,9,874,"HBLR WEST SIDE",1,"342JC013",165
4,9,875,"HBLR WEST SIDE",1,"342JC017",165
4,9,876,"HBLR WEST SIDE",1,"342JC015",165
4,9,877,"HBLR WEST SIDE",1,"342JC016",165
4,9,878,"HBLR WEST SIDE",1,"342JC010",165
4,9,879,"HBLR WEST SIDE",1,"342JC011",165
4,9,880,"HBLR WEST SIDE",1,"342JC001",165
4,9,881,"HBLR WEST SIDE",1,"342JC007",165
4,9,882,"HBLR WEST SIDE",1,"342JC021",165
4,9,883,"HBLR WEST SIDE",1,"342JC013",165
4,9,884,"HBLR WEST SIDE",1,"342JC017",165
4,9,885,"HBLR WEST SIDE",1,"342JC015",165
4,9,886,"HBLR WEST SIDE",1,"342JC016",165
4,9,887,"HBLR WEST SIDE",1,"342JC010",165
4,9,888,"HBLR WEST SIDE",1,"342JC011",165
4,9,889,"HBLR WEST SIDE",1,"342JC001",165
4,9,890,"HBLR WEST SIDE",1,"342JC007",165
4,9,891,"HBLR WEST SIDE",1,"342JC021",165
4,9,892,"HBLR WEST SIDE",1,"342JC015",165
4,9,893,"HBLR WEST SIDE",1,"342JC010",165
4,9,894,"HBLR WEST SIDE",1,"342JC001",165
4,9,895,"HBLR WEST SIDE",1,"342JC007",165
4,9,896,"HBLR WEST SIDE",1,"342JC021",165
4,9,897,"HBLR WEST SIDE",1,"342JC015",165
4,9,898,"HBLR WEST SIDE",1,"342JC010",165
4,9,899,"HBLR WEST SIDE",1,"342JC001",165
4,9,900,"HBLR WEST SIDE",1,"342JC007",165
4,9,901,"HBLR WEST SIDE",1,"342JC021",165
4,9,902,"HBLR WEST SIDE",1,"342JC015",165
4,9,903,"HBLR WEST SIDE",1,"342JC010",165
4,9,904,"HBLR WEST SIDE",1,"342JC001",165
4,9,905,"HBLR WEST SIDE",1,"342JC007",165
4,9,906,"HBLR WEST SIDE",1,"342JC021",165
4,9,907,"HBLR WEST SIDE",1,"342JC015",165
4,9,908,"HBLR WEST SIDE",1,"342JC010",165
4,9,909,"HBLR WEST SIDE",1,"342JC029",165
4,9,910,"HBLR WEST SIDE",1,"342JC031",165
4,9,911,"HBLR WEST SIDE",1,"342JC001",165
4,9,912,"HBLR WEST SIDE",1,"342JC007",165
4,9,913,"HBLR WEST SIDE",1,"342JC026",165
4,9,914,"HBLR WEST SIDE",1,"342JC021",165
4,9,915,"HBLR WEST SIDE",1,"342JC030",165
4,9,916,"HBLR WEST SIDE",1,"342JC015",165
4,9,917,"HBLR WEST SIDE",1,"342JC010",165
4,9,918,"HBLR WEST SIDE",1,"342JC029",165
4,9,919,"HBLR WEST SIDE",1,"342JC031",165
4,9,920,"HBLR WEST SIDE",1,"342JC001",165
4,9,921,"HBLR WEST SIDE",1,"342JC007",165
4,9,922,"HBLR WEST SIDE",1,"342JC026",165
4,9,923,"HBLR WEST SIDE",1,"342JC021",165
4,9,924,"HBLR WEST SIDE",1,"342JC030",165
4,9,925,"HBLR WEST SIDE",1,"342JC015",165
4,9,926,"HBLR WEST SIDE",1,"342JC010",165
4,9,927,"HBLR WEST SIDE",1,"342JC029",165
4,9,928,"HBLR WEST SIDE",1,"342JC031",165
4,9,929,"HBLR WEST SIDE",1,"342JC001",165
4,9,930,"HBLR WEST SIDE",1,"342JC007",165
4,9,931,"HBLR WEST SIDE",1,"342JC026",165
4,9,932,"HBLR WEST SIDE",1,"342JC021",165
4,9,933,"HBLR WEST SIDE",1,"342JC015",165
4,9,934,"HBLR WEST SIDE",1,"342JC010",165
4,9,935,"HBLR WEST SIDE",1,"342JC029",165
4,9,936,"HBLR WEST SIDE",1,"342JC031",165
4,9,937,"HBLR WEST SIDE",1,"342JC001",165
4,9,938,"HBLR WEST SIDE",1,"342JC026",165
4,9,939,"HBLR WEST SIDE",1,"342JC015",165
4,9,940,"HBLR WEST SIDE",1,"342JC031",165
4,9,941,"HBLR WEST SIDE",1,"342JC026",165
4,9,942,"HBLR WEST SIDE",1,"342JC015",165
4,9,943,"HBLR WEST SIDE",1,"342JC031",165
4,9,944,"HBLR WEST SIDE",1,"342JC026",165
4,9,945,"HBLR WEST SIDE",1,"342JC015",165
4,9,946,"HBLR WEST SIDE",1,"342JC031",165
4,9,947,"HBLR WEST SIDE",1,"342JC026",165
4,9,948,"HBLR WEST SIDE",1,"342JC015",165
4,9,949,"HBLR BAYONNE 22ND ST",1,"342JC014",166
4,9,950,"HBLR BAYONNE 22ND ST",1,"342JC002",166
4,9,951,"HBLR BAYONNE 22ND ST",1,"342JC019",166
4,9,952,"HBLR BAYONNE 22ND ST",1,"342JC022",166
4,9,953,"HBLR BAYONNE 22ND ST",1,"342JC020",166
4,9,954,"HBLR BAYONNE 22ND ST",1,"342JC008",166
4,9,955,"HBLR BAYONNE 22ND ST",1,"342JC004",166
4,9,956,"HBLR BAYONNE 22ND ST",1,"342JC022",166
4,9,957,"HBLR BAYONNE 22ND ST",1,"342JC028",166
4,9,958,"HBLR BAYONNE 22ND ST",1,"342JC018",166
4,9,959,"HBLR BAYONNE 22ND ST",1,"342JC032",166
4,9,960,"HBLR BAYONNE 22ND ST",1,"342JC025",166
4,9,961,"HBLR BAYONNE 22ND ST",1,"342JC032",166
4,9,962,"HBLR WEST SIDE",1,"342JC001",167
4,9,963,"HBLR FLYER TO BAYONNE",1,"342JC004",168
4,9,964,"HBLR FLYER TO BAYONNE",1,"342JC018",168
4,9,965,"HBLR FLYER TO BAYONNE",1,"342JC009",168
4,9,966,"HBLR FLYER TO BAYONNE",1,"342JC004",168
4,9,967,"HBLR FLYER TO BAYONNE",1,"342JC019",168
4,9,968,"HBLR FLYER TO BAYONNE",1,"342JC027",168
4,9,969,"HBLR FLYER TO BAYONNE",1,"342JC005",168
4,9,970,"HBLR FLYER TO BAYONNE",1,"342JC019",168
4,9,971,"HBLR FLYER TO BAYONNE",1,"342JC027",168
4,9,972,"HBLR FLYER TO BAYONNE",1,"342JC023",168
4,9,973,"HBLR FLYER TO BAYONNE",1,"342JC033",168
4,9,974,"HBLR FLYER TO BAYONNE",1,"342JC027",168
4,9,975,"HBLR HOBOKEN",1,"342JC003",169
4,9,976,"HBLR HOBOKEN",1,"342JC006",169
4,9,977,"HBLR HOBOKEN",1,"342JC012",169
4,9,978,"HBLR HOBOKEN",1,"342JC003",169
4,9,979,"HBLR HOBOKEN",1,"342JC006",169
4,9,980,"HBLR HOBOKEN",1,"342JC012",169
4,9,981,"HBLR HOBOKEN",1,"342JC003",169
4,9,982,"HBLR HOBOKEN",1,"342JC006",169
4,9,983,"HBLR HOBOKEN",1,"342JC012",169
4,9,984,"HBLR HOBOKEN",1,"342JC003",169
4,9,985,"HBLR HOBOKEN",1,"342JC006",169
4,9,986,"HBLR HOBOKEN",1,"342JC012",169
4,9,987,"HBLR HOBOKEN",1,"342JC003",169
4,9,988,"HBLR HOBOKEN",1,"342JC006",169
4,9,989,"HBLR HOBOKEN",1,"342JC012",169
4,9,990,"HBLR HOBOKEN",1,"342JC003",169
4,9,991,"HBLR HOBOKEN",1,"342JC006",169
4,9,992,"HBLR HOBOKEN",1,"342JC012",169
4,9,993,"HBLR HOBOKEN",1,"342JC003",169
4,9,994,"HBLR HOBOKEN",1,"342JC006",169
4,9,995,"HBLR HOBOKEN",1,"342JC012",169
4,9,996,"HBLR HOBOKEN",1,"342JC003",169
4,9,997,"HBLR HOBOKEN",1,"342JC006",169
4,9,998,"HBLR HOBOKEN",1,"342JC003",169
4,9,999,"HBLR HOBOKEN",1,"342JC006",169
